1,John,Doe,1985-06-15,1
2,Jane,Smith,1990-09-22,2
3,Emily,Jones,1978-12-05,2
4,Michael,Brown,1982-03-30,1
5,Sarah,Johnson,1995-11-12,2
6,David,Williams,1988-07-19,1
7,Laura,Miller,1992-04-25,2
8,James,Davis,1975-08-14,1
9,Linda,Garcia,1983-02-28,2
10,Robert,Martinez,1991-10-09,1
11,John,Smith,1986-01-17,1
12,Jane,Brown,1989-03-11,2
13,Emily,Davis,1991-07-17,2
14,Michael,Garcia,1980-11-11,1
15,Sarah,Jones,1993-03-08,2
16,David,Miller,1987-12-20,1
17,Laura,Doe,1990-04-01,2
18,James,Martinez,1985-06-19,1
19,Linda,Johnson,1992-09-30,2
20,Robert,Williams,1988-02-14,1
21,John,Garcia,1979-08-25,1
22,Jane,Jones,1994-05-05,2
23,Emily,Brown,1986-10-12,2
24,Michael,Davis,1983-07-23,1
25,Sarah,Miller,1991-01-30,2
26,David,Smith,1982-06-04,1
27,Laura,Martinez,1993-09-17,2
28,James,Johnson,1989-12-21,1
29,Linda,Doe,1980-03-02,2
30,Robert,Jones,1987-11-28,1
31,John,Miller,1990-08-12,1
32,Jane,Williams,1985-02-06,2
33,Emily,Smith,1992-06-15,2
34,Michael,Doe,1988-09-09,1
35,Sarah,Martinez,1984-12-19,2
36,David,Jones,1991-03-24,1
37,Laura,Brown,1983-07-05,2
38,James,Garcia,1990-01-11,1
39,Linda,Davis,1985-10-20,2
40,Robert,Miller,1982-04-17,1
41,John,Martinez,1993-05-22,1
42,Jane,Doe,1986-08-14,2
43,Emily,Williams,1989-02-28,2
44,Michael,Smith,1992-07-06,1
45,Sarah,Johnson,1987-11-30,2
46,David,Brown,1984-03-09,1
47,Laura,Davis,1990-06-26,2
48,James,Jones,1983-09-15,1
49,Linda,Garcia,1991-12-08,2
50,Robert,Smith,1985-01-19,1
51,John,Johnson,1988-04-23,1
52,Jane,Davis,1992-07-14,2
53,Emily,Miller,1983-10-05,2
54,Michael,Williams,1985-02-28,1
55,Sarah,Doe,1990-06-10,2
56,David,Martinez,1981-09-07,1
57,Laura,Smith,1994-01-22,2
58,James,Brown,1987-12-16,1
59,Linda,Johnson,1993-05-11,2
60,Robert,Davis,1986-08-01,1
61,John,Miller,1991-03-18,1
62,Jane,Martinez,1984-07-30,2
63,Emily,Doe,1989-11-05,2
64,Michael,Garcia,1990-01-14,1
65,Sarah,Smith,1983-06-27,2
66,David,Brown,1992-09-12,1
67,Laura,Williams,1988-12-03,2
68,James,Davis,1985-04-19,1
69,Linda,Martinez,1991-07-25,2
70,Robert,Johnson,1982-10-06,1
71,John,Doe,1984-01-30,1
72,Jane,Brown,1993-03-17,2
73,Emily,Garcia,1986-08-22,2
74,Michael,Jones,1989-05-09,1
75,Sarah,Davis,1992-10-31,2
76,David,Smith,1987-06-08,1
77,Laura,Martinez,1983-11-21,2
78,James,Williams,1990-01-27,1
79,Linda,Brown,1985-09-13,2
80,Robert,Doe,1994-12-05,1
81,John,Jones,1982-04-14,1
82,Jane,Garcia,1989-06-30,2
83,Emily,Johnson,1991-02-07,2
84,Michael,Martinez,1984-07-18,1
85,Sarah,Miller,1993-05-03,2
86,David,Doe,1985-08-22,1
87,Laura,Brown,1990-11-29,2
88,James,Smith,1987-01-15,1
89,Linda,Williams,1992-03-06,2
90,Robert,Garcia,1983-12-20,1
91,John,Miller,1991-05-08,1
92,Jane,Doe,1986-09-26,2
93,Emily,Smith,1988-04-13,2
94,Michael,Johnson,1990-08-21,1
95,Sarah,Martinez,1982-11-09,2
96,David,Williams,1993-01-18,1
97,Laura,Doe,1985-06-01,2
98,James,Garcia,1989-10-12,1
99,Linda,Brown,1994-02-27,2
100,Robert,Smith,1987-07-14,1
